0|0|07/04/2023 02:00:00 PM|NOTSTARTED|True
1|0|07/04/2023 04:00:00 PM|NOTSTARTED|True
2|1|07/04/2023 04:00:00 PM|NOTSTARTED|True
3|1|07/04/2023 07:00:00 PM|NOTSTARTED|True
4|2|07/04/2023 06:00:00 PM|NOTSTARTED|True
5|2|07/04/2023 08:00:00 PM|NOTSTARTED|True
6|3|07/04/2023 01:00:00 PM|NOTSTARTED|True
7|4|07/04/2023 01:00:00 AM|NOTSTARTED|True
8|4|07/04/2023 08:00:00 AM|NOTSTARTED|True
9|4|07/04/2023 02:00:00 PM|NOTSTARTED|True
10|5|07/04/2023 11:00:00 AM|NOTSTARTED|True
11|6|07/04/2023 02:00:00 PM|NOTSTARTED|True
12|7|07/04/2023 01:00:00 PM|NOTSTARTED|True
13|7|08/04/2023 04:00:00 PM|NOTSTARTED|True
14|8|08/04/2023 01:00:00 PM|NOTSTARTED|True
15|8|07/04/2023 02:00:00 PM|NOTSTARTED|True
